id,"question",level,"created_at","updated_at"
1,"и",1,NULL,NULL
2,"в",1,NULL,NULL
3,"не",1,NULL,NULL
4,"он",1,NULL,NULL
5,"на",1,NULL,NULL
6,"я",1,NULL,NULL
7,"что",1,NULL,NULL
8,"тот",1,NULL,NULL
9,"быть",1,NULL,NULL
10,"с",1,NULL,NULL
11,"а",1,NULL,NULL
12,"весь",1,NULL,NULL
13,"это",1,NULL,NULL
14,"как",1,NULL,NULL
15,"она",1,NULL,NULL
16,"по",1,NULL,NULL
17,"но",1,NULL,NULL
18,"они",1,NULL,NULL
19,"к",1,NULL,NULL
20,"у",1,NULL,NULL
21,"ты",1,NULL,NULL
22,"из",1,NULL,NULL
23,"мы",1,NULL,NULL
24,"за",1,NULL,NULL
25,"вы",1,NULL,NULL
26,"так",1,NULL,NULL
27,"же",1,NULL,NULL
28,"от",1,NULL,NULL
29,"сказать",1,NULL,NULL
30,"этот",1,NULL,NULL
31,"который",1,NULL,NULL
32,"мочь",1,NULL,NULL
33,"человек",1,NULL,NULL
34,"о",1,NULL,NULL
35,"один",1,NULL,NULL
36,"ещё",1,NULL,NULL
37,"бы",1,NULL,NULL
38,"такой",1,NULL,NULL
39,"только",1,NULL,NULL
40,"себя",1,NULL,NULL
41,"своё",1,NULL,NULL
42,"какой",1,NULL,NULL
43,"когда",1,NULL,NULL
44,"уже",1,NULL,NULL
45,"для",1,NULL,NULL
46,"вот",1,NULL,NULL
47,"кто",1,NULL,NULL
48,"да",1,NULL,NULL
49,"говорить",1,NULL,NULL
50,"год",1,NULL,NULL
51,"знать",1,NULL,NULL
52,"мой",1,NULL,NULL
53,"до",1,NULL,NULL
54,"или",1,NULL,NULL
55,"если",1,NULL,NULL
56,"время",1,NULL,NULL
57,"рука",1,NULL,NULL
58,"нет",1,NULL,NULL
59,"самый",1,NULL,NULL
60,"ни",1,NULL,NULL
61,"стать",1,NULL,NULL
62,"большой",1,NULL,NULL
63,"даже",1,NULL,NULL
64,"другой",1,NULL,NULL
65,"наш",1,NULL,NULL
66,"свой",1,NULL,NULL
67,"ну",1,NULL,NULL
68,"под",1,NULL,NULL
69,"где",1,NULL,NULL
70,"дело",1,NULL,NULL
71,"есть",1,NULL,NULL
72,"сам",1,NULL,NULL
73,"раз",1,NULL,NULL
74,"чтобы",1,NULL,NULL
75,"два",1,NULL,NULL
76,"там",1,NULL,NULL
77,"чем",1,NULL,NULL
78,"глаз",1,NULL,NULL
79,"жизнь",1,NULL,NULL
80,"первый",1,NULL,NULL
81,"день",1,NULL,NULL
82,"тут",1,NULL,NULL
83,"во",1,NULL,NULL
84,"ничто",1,NULL,NULL
85,"потом",1,NULL,NULL
86,"очень",1,NULL,NULL
87,"со",1,NULL,NULL
88,"хотеть",1,NULL,NULL
89,"ли",1,NULL,NULL
90,"при",1,NULL,NULL
91,"голова",1,NULL,NULL
92,"надо",1,NULL,NULL
93,"без",1,NULL,NULL
94,"видеть",1,NULL,NULL
95,"идти",1,NULL,NULL
96,"теперь",1,NULL,NULL
97,"тоже",1,NULL,NULL
98,"стоять",1,NULL,NULL
99,"друг",1,NULL,NULL
100,"дом",1,NULL,NULL
101,"сейчас",1,NULL,NULL
102,"можно",1,NULL,NULL
103,"после",1,NULL,NULL
104,"слово",1,NULL,NULL
105,"здесь",1,NULL,NULL
106,"думать",1,NULL,NULL
107,"место",1,NULL,NULL
108,"спросить",1,NULL,NULL
109,"через",1,NULL,NULL
110,"лицо",1,NULL,NULL
111,"что",1,NULL,NULL
112,"тогда",1,NULL,NULL
113,"ведь",1,NULL,NULL
114,"хороший",1,NULL,NULL
115,"каждый",1,NULL,NULL
116,"новый",1,NULL,NULL
117,"жить",1,NULL,NULL
118,"должный",1,NULL,NULL
119,"смотреть",1,NULL,NULL
120,"почему",1,NULL,NULL
121,"потому",1,NULL,NULL
122,"сторона",1,NULL,NULL
123,"просто",1,NULL,NULL
124,"нога",1,NULL,NULL
125,"сидеть",1,NULL,NULL
126,"понять",1,NULL,NULL
127,"иметь",1,NULL,NULL
128,"конечный",1,NULL,NULL
129,"делать",1,NULL,NULL
130,"вдруг",1,NULL,NULL
131,"над",1,NULL,NULL
132,"взять",1,NULL,NULL
133,"никто",1,NULL,NULL
134,"сделать",1,NULL,NULL
135,"дверь",1,NULL,NULL
136,"перед",1,NULL,NULL
137,"нужный",1,NULL,NULL
138,"понимать",1,NULL,NULL
139,"казаться",1,NULL,NULL
140,"работа",1,NULL,NULL
141,"три",1,NULL,NULL
142,"ваш",1,NULL,NULL
143,"уж",1,NULL,NULL
144,"земля",1,NULL,NULL
145,"конец",1,NULL,NULL
146,"несколько",1,NULL,NULL
147,"час",1,NULL,NULL
148,"голос",1,NULL,NULL
149,"город",1,NULL,NULL
150,"последний",1,NULL,NULL
151,"пока",1,NULL,NULL
152,"хорошо",1,NULL,NULL
153,"давать",1,NULL,NULL
154,"вода",1,NULL,NULL
155,"более",1,NULL,NULL
156,"хотя",1,NULL,NULL
157,"всегда",1,NULL,NULL
158,"второй",1,NULL,NULL
159,"куда",1,NULL,NULL
160,"пойти",1,NULL,NULL
161,"стол",1,NULL,NULL
162,"ребёнок",1,NULL,NULL
163,"увидеть",1,NULL,NULL
164,"сила",1,NULL,NULL
165,"отец",1,NULL,NULL
166,"женщина",1,NULL,NULL
167,"машина",1,NULL,NULL
168,"случай",1,NULL,NULL
169,"ночь",1,NULL,NULL
170,"сразу",1,NULL,NULL
171,"мир",1,NULL,NULL
172,"совсем",1,NULL,NULL
173,"остаться",1,NULL,NULL
174,"об",1,NULL,NULL
175,"вид",1,NULL,NULL
176,"выйти",1,NULL,NULL
177,"дать",1,NULL,NULL
178,"работать",1,NULL,NULL
179,"любить",1,NULL,NULL
180,"старый",1,NULL,NULL
181,"почти",1,NULL,NULL
182,"ряд",1,NULL,NULL
183,"оказаться",1,NULL,NULL
184,"начало",1,NULL,NULL
185,"твой",1,NULL,NULL
186,"вопрос",1,NULL,NULL
187,"много",1,NULL,NULL
188,"война",1,NULL,NULL
189,"снова",1,NULL,NULL
190,"ответить",1,NULL,NULL
191,"между",1,NULL,NULL
192,"подумать",1,NULL,NULL
193,"опять",1,NULL,NULL
194,"белый",1,NULL,NULL
195,"деньги",1,NULL,NULL
196,"значить",1,NULL,NULL
197,"про",1,NULL,NULL
198,"лишь",1,NULL,NULL
199,"минута",1,NULL,NULL
200,"жена",1,NULL,NULL
201,"посмотреть",1,NULL,NULL
202,"правда",1,NULL,NULL
203,"главный",1,NULL,NULL
204,"страна",1,NULL,NULL
205,"свет",1,NULL,NULL
206,"ждать",1,NULL,NULL
207,"мать",1,NULL,NULL
208,"будто",1,NULL,NULL
209,"никогда",1,NULL,NULL
210,"товарищ",1,NULL,NULL
211,"дорога",1,NULL,NULL
212,"однако",1,NULL,NULL
213,"лежать",1,NULL,NULL
214,"именно",1,NULL,NULL
215,"окно",1,NULL,NULL
216,"никакой",1,NULL,NULL
217,"найти",1,NULL,NULL
218,"писать",1,NULL,NULL
219,"комната",1,NULL,NULL
220,"Москва",1,NULL,NULL
221,"часть",1,NULL,NULL
222,"вообще",1,NULL,NULL
223,"книга",1,NULL,NULL
224,"маленький",1,NULL,NULL
225,"улица",1,NULL,NULL
226,"решить",1,NULL,NULL
227,"далекий",1,NULL,NULL
228,"душа",1,NULL,NULL
229,"чуть",1,NULL,NULL
230,"вернуться",1,NULL,NULL
231,"утро",1,NULL,NULL
232,"некоторый",1,NULL,NULL
233,"считать",1,NULL,NULL
234,"сколько",1,NULL,NULL
235,"помнить",1,NULL,NULL
236,"вечер",1,NULL,NULL
237,"пол",1,NULL,NULL
238,"таки",1,NULL,NULL
239,"получить",1,NULL,NULL
240,"народ",1,NULL,NULL
241,"плечо",1,NULL,NULL
242,"хоть",1,NULL,NULL
243,"сегодня",1,NULL,NULL
244,"бог",1,NULL,NULL
245,"вместе",1,NULL,NULL
246,"взгляд",1,NULL,NULL
247,"ходить",1,NULL,NULL
248,"зачем",1,NULL,NULL
249,"советский",1,NULL,NULL
250,"русский",1,NULL,NULL
251,"бывать",1,NULL,NULL
252,"полный",1,NULL,NULL
253,"прийти",1,NULL,NULL
254,"палец",1,NULL,NULL
255,"Россия",1,NULL,NULL
256,"любой",1,NULL,NULL
257,"история",1,NULL,NULL
258,"наконец",1,NULL,NULL
259,"мысль",1,NULL,NULL
260,"узнать",1,NULL,NULL
261,"назад",1,NULL,NULL
262,"общий",1,NULL,NULL
263,"заметить",1,NULL,NULL
264,"словно",1,NULL,NULL
265,"прошлый",1,NULL,NULL
266,"уйти",1,NULL,NULL
267,"известный",1,NULL,NULL
268,"давно",1,NULL,NULL
269,"слышать",1,NULL,NULL
270,"слушать",1,NULL,NULL
271,"бояться",1,NULL,NULL
272,"сын",1,NULL,NULL
273,"нельзя",1,NULL,NULL
274,"прямо",1,NULL,NULL
275,"долго",1,NULL,NULL
276,"быстро",1,NULL,NULL
277,"лес",1,NULL,NULL
278,"похожий",1,NULL,NULL
279,"пора",1,NULL,NULL
280,"пять",1,NULL,NULL
281,"глядеть",1,NULL,NULL
282,"оно",1,NULL,NULL
283,"сесть",1,NULL,NULL
284,"имя",1,NULL,NULL
285,"ж",1,NULL,NULL
286,"разговор",1,NULL,NULL
287,"тело",1,NULL,NULL
288,"молодой",1,NULL,NULL
289,"стена",1,NULL,NULL
290,"красный",1,NULL,NULL
291,"читать",1,NULL,NULL
292,"право",1,NULL,NULL
293,"старик",1,NULL,NULL
294,"ранний",1,NULL,NULL
295,"хотеться",1,NULL,NULL
296,"мама",1,NULL,NULL
297,"оставаться",1,NULL,NULL
298,"высокий",1,NULL,NULL
299,"путь",1,NULL,NULL
300,"поэтому",1,NULL,NULL
301,"совершенно",1,NULL,NULL
302,"кроме",1,NULL,NULL
303,"тысяча",1,NULL,NULL
304,"месяц",1,NULL,NULL
305,"брать",1,NULL,NULL
306,"написать",1,NULL,NULL
307,"целый",1,NULL,NULL
308,"огромный",1,NULL,NULL
309,"начинать",1,NULL,NULL
310,"спина",1,NULL,NULL
311,"настоящий",1,NULL,NULL
312,"пусть",1,NULL,NULL
313,"язык",1,NULL,NULL
314,"точно",1,NULL,NULL
315,"среди",1,NULL,NULL
316,"чувствовать",1,NULL,NULL
317,"сердце",1,NULL,NULL
318,"вести",1,NULL,NULL
319,"иногда",1,NULL,NULL
320,"мальчик",1,NULL,NULL
321,"успеть",1,NULL,NULL
322,"небо",1,NULL,NULL
323,"живой",1,NULL,NULL
324,"смерть",1,NULL,NULL
325,"продолжать",1,NULL,NULL
326,"девушка",1,NULL,NULL
327,"образ",1,NULL,NULL
328,"ко",1,NULL,NULL
329,"забыть",1,NULL,NULL
330,"вокруг",1,NULL,NULL
331,"письмо",1,NULL,NULL
332,"власть",1,NULL,NULL
333,"чёрный",1,NULL,NULL
334,"пройти",1,NULL,NULL
335,"появиться",1,NULL,NULL
336,"воздух",1,NULL,NULL
337,"разный",1,NULL,NULL
338,"выходить",1,NULL,NULL
339,"просить",1,NULL,NULL
340,"брат",1,NULL,NULL
341,"собственный",1,NULL,NULL
342,"отношение",1,NULL,NULL
343,"затем",1,NULL,NULL
344,"пытаться",1,NULL,NULL
345,"показать",1,NULL,NULL
346,"вспомнить",1,NULL,NULL
347,"система",1,NULL,NULL
348,"четыре",1,NULL,NULL
349,"квартира",1,NULL,NULL
350,"держать",1,NULL,NULL
351,"также",1,NULL,NULL
352,"любовь",1,NULL,NULL
353,"солдат",1,NULL,NULL
354,"откуда",1,NULL,NULL
355,"чтоб",1,NULL,NULL
356,"называть",1,NULL,NULL
357,"третий",1,NULL,NULL
358,"хозяин",1,NULL,NULL
359,"вроде",1,NULL,NULL
360,"уходить",1,NULL,NULL
361,"подойти",1,NULL,NULL
362,"поднять",1,NULL,NULL
363,"особенно",1,NULL,NULL
364,"спрашивать",1,NULL,NULL
365,"начальник",1,NULL,NULL
366,"оба",1,NULL,NULL
367,"бросить",1,NULL,NULL
368,"школа",1,NULL,NULL
369,"парень",1,NULL,NULL
370,"кровь",1,NULL,NULL
371,"двадцать",1,NULL,NULL
372,"солнце",1,NULL,NULL
373,"неделя",1,NULL,NULL
374,"послать",1,NULL,NULL
375,"находиться",1,NULL,NULL
376,"ребята",1,NULL,NULL
377,"поставить",1,NULL,NULL
378,"встать",1,NULL,NULL
379,"например",1,NULL,NULL
380,"шаг",1,NULL,NULL
381,"мужчина",1,NULL,NULL
382,"равно",1,NULL,NULL
383,"нос",1,NULL,NULL
384,"мало",1,NULL,NULL
385,"внимание",1,NULL,NULL
386,"капитан",1,NULL,NULL
387,"ухо",1,NULL,NULL
388,"туда",1,NULL,NULL
389,"сюда",1,NULL,NULL
390,"играть",1,NULL,NULL
391,"следовать",1,NULL,NULL
392,"рассказать",1,NULL,NULL
393,"великий",1,NULL,NULL
394,"действительно",1,NULL,NULL
395,"слишком",1,NULL,NULL
396,"тяжёлый",1,NULL,NULL
397,"спать",1,NULL,NULL
398,"оставить",1,NULL,NULL
399,"войти",1,NULL,NULL
400,"длинный",1,NULL,NULL
401,"чувство",1,NULL,NULL
402,"молчать",1,NULL,NULL
403,"рассказывать",1,NULL,NULL
404,"отвечать",1,NULL,NULL
405,"становиться",1,NULL,NULL
406,"остановиться",1,NULL,NULL
407,"берег",1,NULL,NULL
408,"семья",1,NULL,NULL
409,"искать",1,NULL,NULL
410,"генерал",1,NULL,NULL
411,"момент",1,NULL,NULL
412,"десять",1,NULL,NULL
413,"начать",1,NULL,NULL
414,"следующий",1,NULL,NULL
415,"личный",1,NULL,NULL
416,"труд",1,NULL,NULL
417,"верить",1,NULL,NULL
418,"группа",1,NULL,NULL
419,"немного",1,NULL,NULL
420,"впрочем",1,NULL,NULL
421,"видно",1,NULL,NULL
422,"являться",1,NULL,NULL
423,"муж",1,NULL,NULL
424,"разве",1,NULL,NULL
425,"движение",1,NULL,NULL
426,"порядок",1,NULL,NULL
427,"ответ",1,NULL,NULL
428,"тихо",1,NULL,NULL
429,"знакомый",1,NULL,NULL
430,"газета",1,NULL,NULL
431,"помощь",1,NULL,NULL
432,"сильный",1,NULL,NULL
433,"скорый",1,NULL,NULL
434,"собака",1,NULL,NULL
435,"дерево",1,NULL,NULL
436,"снег",1,NULL,NULL
437,"сон",1,NULL,NULL
438,"смысл",1,NULL,NULL
439,"смочь",1,NULL,NULL
440,"против",1,NULL,NULL
441,"бежать",1,NULL,NULL
442,"двор",1,NULL,NULL
443,"форма",1,NULL,NULL
444,"простой",1,NULL,NULL
445,"приехать",1,NULL,NULL
446,"иной",1,NULL,NULL
447,"кричать",1,NULL,NULL
448,"возможность",1,NULL,NULL
449,"общество",1,NULL,NULL
450,"зеленый",1,NULL,NULL
451,"грудь",1,NULL,NULL
452,"угол",1,NULL,NULL
453,"открыть",1,NULL,NULL
454,"происходить",1,NULL,NULL
455,"ладно",1,NULL,NULL
456,"черный",1,NULL,NULL
457,"век",1,NULL,NULL
458,"карман",1,NULL,NULL
459,"ехать",1,NULL,NULL
460,"немец",1,NULL,NULL
461,"наверное",1,NULL,NULL
462,"губа",1,NULL,NULL
463,"дядя",1,NULL,NULL
464,"приходить",1,NULL,NULL
465,"часто",1,NULL,NULL
466,"домой",1,NULL,NULL
467,"огонь",1,NULL,NULL
468,"писатель",1,NULL,NULL
469,"армия",1,NULL,NULL
470,"состояние",1,NULL,NULL
471,"зуб",1,NULL,NULL
472,"очередь",1,NULL,NULL
473,"кой",1,NULL,NULL
474,"подняться",1,NULL,NULL
475,"камень",1,NULL,NULL
476,"гость",1,NULL,NULL
477,"показаться",1,NULL,NULL
478,"ветер",1,NULL,NULL
479,"собираться",1,NULL,NULL
480,"попасть",1,NULL,NULL
481,"принять",1,NULL,NULL
482,"сначала",1,NULL,NULL
483,"либо",1,NULL,NULL
484,"поехать",1,NULL,NULL
485,"услышать",1,NULL,NULL
486,"уметь",1,NULL,NULL
487,"случиться",1,NULL,NULL
488,"странный",1,NULL,NULL
489,"единственный",1,NULL,NULL
490,"рота",1,NULL,NULL
491,"закон",1,NULL,NULL
492,"короткий",1,NULL,NULL
493,"море",1,NULL,NULL
494,"добрый",1,NULL,NULL
495,"темный",1,NULL,NULL
496,"гора",1,NULL,NULL
497,"врач",1,NULL,NULL
498,"край",1,NULL,NULL
499,"стараться",1,NULL,NULL
500,"лучший",1,NULL,NULL
501,"река",1,NULL,NULL
502,"военный",1,NULL,NULL
503,"мера",1,NULL,NULL
504,"страшный",1,NULL,NULL
505,"вполне",1,NULL,NULL
506,"звать",1,NULL,NULL
507,"произойти",1,NULL,NULL
508,"вперед",1,NULL,NULL
509,"медленно",1,NULL,NULL
510,"возле",1,NULL,NULL
511,"никак",1,NULL,NULL
512,"заниматься",1,NULL,NULL
513,"действие",1,NULL,NULL
514,"довольно",1,NULL,NULL
515,"вещь",1,NULL,NULL
516,"необходимый",1,NULL,NULL
517,"ход",1,NULL,NULL
518,"боль",1,NULL,NULL
519,"судьба",1,NULL,NULL
520,"причина",1,NULL,NULL
521,"положить",1,NULL,NULL
522,"едва",1,NULL,NULL
523,"черта",1,NULL,NULL
524,"девочка",1,NULL,NULL
525,"лёгкий",1,NULL,NULL
526,"волос",1,NULL,NULL
527,"купить",1,NULL,NULL
528,"номер",1,NULL,NULL
529,"основной",1,NULL,NULL
530,"широкий",1,NULL,NULL
531,"умереть",1,NULL,NULL
532,"далеко",1,NULL,NULL
533,"плохо",1,NULL,NULL
534,"глава",1,NULL,NULL
535,"красивый",1,NULL,NULL
536,"серый",1,NULL,NULL
537,"пить",1,NULL,NULL
538,"командир",1,NULL,NULL
539,"обычно",1,NULL,NULL
540,"партия",1,NULL,NULL
541,"проблема",1,NULL,NULL
542,"страх",1,NULL,NULL
543,"проходить",1,NULL,NULL
544,"ясно",1,NULL,NULL
545,"снять",1,NULL,NULL
546,"бумага",1,NULL,NULL
547,"герой",1,NULL,NULL
548,"пара",1,NULL,NULL
549,"государство",1,NULL,NULL
550,"деревня",1,NULL,NULL
551,"речь",1,NULL,NULL
552,"начаться",1,NULL,NULL
553,"средство",1,NULL,NULL
554,"положение",1,NULL,NULL
555,"связь",1,NULL,NULL
556,"скоро",1,NULL,NULL
557,"небольшой",1,NULL,NULL
558,"представлять",1,NULL,NULL
559,"завтра",1,NULL,NULL
560,"объяснить",1,NULL,NULL
561,"пустой",1,NULL,NULL
562,"произнести",1,NULL,NULL
563,"человеческий",1,NULL,NULL
564,"нравиться",1,NULL,NULL
565,"однажды",1,NULL,NULL
566,"мимо",1,NULL,NULL
567,"иначе",1,NULL,NULL
568,"существовать",1,NULL,NULL
569,"класс",1,NULL,NULL
570,"удаться",1,NULL,NULL
571,"толстый",1,NULL,NULL
572,"цель",1,NULL,NULL
573,"сквозь",1,NULL,NULL
574,"прийтись",1,NULL,NULL
575,"чистый",1,NULL,NULL
576,"знать",1,NULL,NULL
577,"прежний",1,NULL,NULL
578,"профессор",1,NULL,NULL
579,"господин",1,NULL,NULL
580,"счастье",1,NULL,NULL
581,"худой",1,NULL,NULL
582,"дух",1,NULL,NULL
583,"план",1,NULL,NULL
584,"чужой",1,NULL,NULL
585,"зал",1,NULL,NULL
586,"представить",1,NULL,NULL
587,"особый",1,NULL,NULL
588,"директор",1,NULL,NULL
589,"бывший",1,NULL,NULL
590,"память",1,NULL,NULL
591,"близкий",1,NULL,NULL
592,"сей",1,NULL,NULL
593,"результат",1,NULL,NULL
594,"больной",1,NULL,NULL
595,"данный",1,NULL,NULL
596,"кстати",1,NULL,NULL
597,"назвать",1,NULL,NULL
598,"след",1,NULL,NULL
599,"улыбаться",1,NULL,NULL
600,"бутылка",1,NULL,NULL
701,"остальной",1,NULL,NULL
702,"половина",1,NULL,NULL
703,"московский",1,NULL,NULL
704,"шесть",1,NULL,NULL
705,"получиться",1,NULL,NULL
706,"качество",1,NULL,NULL
707,"бой",1,NULL,NULL
708,"шея",1,NULL,NULL
709,"вон",1,NULL,NULL
710,"идея",1,NULL,NULL
711,"видимо",1,NULL,NULL
712,"достаточно",1,NULL,NULL
713,"провести",1,NULL,NULL
714,"важный",1,NULL,NULL
715,"трава",1,NULL,NULL
716,"дед",1,NULL,NULL
717,"сознание",1,NULL,NULL
718,"родитель",1,NULL,NULL
719,"простить",1,NULL,NULL
720,"бить",1,NULL,NULL
721,"чай",1,NULL,NULL
722,"поздний",1,NULL,NULL
723,"кивнуть",1,NULL,NULL
724,"род",1,NULL,NULL
725,"исчезнуть",1,NULL,NULL
726,"тонкий",1,NULL,NULL
727,"немецкий",1,NULL,NULL
728,"звук",1,NULL,NULL
729,"отдать",1,NULL,NULL
730,"магазин",1,NULL,NULL
731,"президент",1,NULL,NULL
732,"поэт",1,NULL,NULL
733,"спасибо",1,NULL,NULL
734,"болезнь",1,NULL,NULL
735,"событие",1,NULL,NULL
736,"помочь",1,NULL,NULL
737,"кожа",1,NULL,NULL
738,"лист",1,NULL,NULL
739,"слать",1,NULL,NULL
740,"вспоминать",1,NULL,NULL
741,"прекрасный",1,NULL,NULL
742,"слеза",1,NULL,NULL
743,"надежда",1,NULL,NULL
744,"молча",1,NULL,NULL
745,"сильно",1,NULL,NULL
746,"верный",1,NULL,NULL
747,"литература",1,NULL,NULL
748,"оружие",1,NULL,NULL
749,"готовый",1,NULL,NULL
750,"запах",1,NULL,NULL
751,"неожиданно",1,NULL,NULL
752,"вчера",1,NULL,NULL
753,"вздохнуть",1,NULL,NULL
754,"роль",1,NULL,NULL
755,"рост",1,NULL,NULL
756,"природа",1,NULL,NULL
757,"политический",1,NULL,NULL
758,"точка",1,NULL,NULL
759,"звезда",1,NULL,NULL
760,"петь",1,NULL,NULL
761,"садиться",1,NULL,NULL
762,"фамилия",1,NULL,NULL
763,"характер",1,NULL,NULL
764,"пожалуйста",1,NULL,NULL
765,"выше",1,NULL,NULL
766,"офицер",1,NULL,NULL
767,"толпа",1,NULL,NULL
768,"перестать",1,NULL,NULL
769,"придтись",1,NULL,NULL
770,"уровень",1,NULL,NULL
771,"неизвестный",1,NULL,NULL
772,"кресло",1,NULL,NULL
773,"баба",1,NULL,NULL
774,"секунда",1,NULL,NULL
775,"пожаловать",1,NULL,NULL
776,"банк",1,NULL,NULL
777,"опыт",1,NULL,NULL
778,"тихий",1,NULL,NULL
779,"поскольку",1,NULL,NULL
780,"сапог",1,NULL,NULL
781,"правило",1,NULL,NULL
782,"стекло",1,NULL,NULL
783,"получать",1,NULL,NULL
784,"внутренний",1,NULL,NULL
785,"дочь",1,NULL,NULL
786,"называться",1,NULL,NULL
787,"надеяться",1,NULL,NULL
788,"член",1,NULL,NULL
789,"протянуть",1,NULL,NULL
790,"государственный",1,NULL,NULL
791,"десяток",1,NULL,NULL
792,"глубокий",1,NULL,NULL
793,"цветок",1,NULL,NULL
794,"ах",1,NULL,NULL
795,"желание",1,NULL,NULL
796,"дождь",1,NULL,NULL
797,"впереди",1,NULL,NULL
798,"подходить",1,NULL,NULL
799,"много",1,NULL,NULL
800,"лоб",1,NULL,NULL
801,"улыбка",1,NULL,NULL
802,"борьба",1,NULL,NULL
803,"ворот",1,NULL,NULL
804,"ящик",1,NULL,NULL
805,"этаж",1,NULL,NULL
806,"служить",1,NULL,NULL
807,"вновь",1,NULL,NULL
808,"голубой",1,NULL,NULL
809,"нечего",1,NULL,NULL
810,"революция",1,NULL,NULL
811,"впервые",1,NULL,NULL
812,"сосед",1,NULL,NULL
813,"сестра",1,NULL,NULL
814,"долгий",1,NULL,NULL
815,"чей",1,NULL,NULL
816,"поверить",1,NULL,NULL
817,"ситуация",1,NULL,NULL
818,"взглянуть",1,NULL,NULL
819,"слабый",1,NULL,NULL
820,"количество",1,NULL,NULL
821,"вызывать (See #663)",1,NULL,NULL
822,"уверенный",1,NULL,NULL
823,"выход",1,NULL,NULL
824,"совет",1,NULL,NULL
825,"дурак",1,NULL,NULL
826,"любимый",1,NULL,NULL
827,"союз",1,NULL,NULL
828,"лето",1,NULL,NULL
829,"ожидать",1,NULL,NULL
830,"пришлый",1,NULL,NULL
831,"висеть",1,NULL,NULL
832,"граница",1,NULL,NULL
833,"цвет",1,NULL,NULL
834,"серьезный",1,NULL,NULL
835,"создать",1,NULL,NULL
836,"интересно",1,NULL,NULL
837,"свобода",1,NULL,NULL
838,"зато",1,NULL,NULL
839,"стул",1,NULL,NULL
840,"уехать",1,NULL,NULL
841,"поезд",1,NULL,NULL
842,"музыка",1,NULL,NULL
843,"быстрый",1,NULL,NULL
844,"тень",1,NULL,NULL
845,"лошадь",1,NULL,NULL
846,"поле",1,NULL,NULL
847,"выглядеть",1,NULL,NULL
848,"учиться",1,NULL,NULL
849,"левый",1,NULL,NULL
850,"разговаривать",1,NULL,NULL
851,"детский",1,NULL,NULL
852,"тип",1,NULL,NULL
853,"суд",1,NULL,NULL
854,"связанный",1,NULL,NULL
855,"горячий",1,NULL,NULL
856,"площадь",1,NULL,NULL
857,"помогать",1,NULL,NULL
858,"счастливый",1,NULL,NULL
859,"повернуться",1,NULL,NULL
860,"позволить",1,NULL,NULL
861,"встретить",1,NULL,NULL
862,"радость",1,NULL,NULL
863,"острый",1,NULL,NULL
864,"возраст",1,NULL,NULL
865,"орган",1,NULL,NULL
866,"карта",1,NULL,NULL
867,"входить",1,NULL,NULL
868,"обнаружить",1,NULL,NULL
869,"король",1,NULL,NULL
870,"слава",1,NULL,NULL
871,"полковник",1,NULL,NULL
872,"мелкий",1,NULL,NULL
873,"бок",1,NULL,NULL
874,"цена",1,NULL,NULL
875,"информация",1,NULL,NULL
876,"мозг",1,NULL,NULL
877,"удовольствие",1,NULL,NULL
878,"воля",1,NULL,NULL
879,"область",1,NULL,NULL
880,"крыша",1,NULL,NULL
881,"нести",1,NULL,NULL
882,"обратно",1,NULL,NULL
883,"современный",1,NULL,NULL
884,"дама",1,NULL,NULL
885,"семь",1,NULL,NULL
886,"веселый",1,NULL,NULL
887,"прислать",1,NULL,NULL
888,"сад",1,NULL,NULL
889,"правительство",1,NULL,NULL
890,"милый",1,NULL,NULL
891,"относиться",1,NULL,NULL
892,"возникать",1,NULL,NULL
893,"мол",1,NULL,NULL
894,"повторить",1,NULL,NULL
895,"название",1,NULL,NULL
896,"средний",1,NULL,NULL
897,"пример",1,NULL,NULL
898,"невозможно",1,NULL,NULL
899,"зеркало",1,NULL,NULL
900,"погибнуть",1,NULL,NULL
901,"американский",1,NULL,NULL
902,"дым",1,NULL,NULL
903,"гореть",1,NULL,NULL
904,"плакать",1,NULL,NULL
905,"весьма",1,NULL,NULL
906,"факт",1,NULL,NULL
907,"двигаться",1,NULL,NULL
908,"рыба",1,NULL,NULL
909,"добавить",1,NULL,NULL
910,"удивиться",1,NULL,NULL
911,"бабушка",1,NULL,NULL
912,"вино",1,NULL,NULL
913,"ибо",1,NULL,NULL
914,"учитель",1,NULL,NULL
915,"действовать",1,NULL,NULL
916,"осторожно",1,NULL,NULL
917,"круг",1,NULL,NULL
918,"папа",1,NULL,NULL
919,"правильно",1,NULL,NULL
920,"недавно",1,NULL,NULL
921,"держаться",1,NULL,NULL
922,"причем",1,NULL,NULL
923,"лететь",1,NULL,NULL
924,"носить",1,NULL,NULL
925,"повод",1,NULL,NULL
926,"лагерь",1,NULL,NULL
927,"птица",1,NULL,NULL
928,"корабль",1,NULL,NULL
929,"мнение",1,NULL,NULL
930,"ночной",1,NULL,NULL
931,"здоровый",1,NULL,NULL
932,"зима",1,NULL,NULL
933,"сухой",1,NULL,NULL
934,"километр",1,NULL,NULL
935,"кровать",1,NULL,NULL
936,"привыкнуть",1,NULL,NULL
937,"прочее",1,NULL,NULL
938,"свободный",1,NULL,NULL
939,"лестница",1,NULL,NULL
940,"неужели",1,NULL,NULL
941,"обязательно",1,NULL,NULL
942,"вверх",1,NULL,NULL
943,"детство",1,NULL,NULL
944,"остров",1,NULL,NULL
945,"статья",1,NULL,NULL
946,"позвонить",1,NULL,NULL
947,"столь",1,NULL,NULL
948,"мешать",1,NULL,NULL
949,"водка",1,NULL,NULL
950,"темнота",1,NULL,NULL
951,"возникнуть",1,NULL,NULL
952,"способный",1,NULL,NULL
953,"станция",1,NULL,NULL
954,"желать",1,NULL,NULL
955,"попробовать",1,NULL,NULL
956,"получаться",1,NULL,NULL
957,"гражданин",1,NULL,NULL
958,"странно",1,NULL,NULL
959,"вскоре",1,NULL,NULL
960,"интересный",1,NULL,NULL
961,"команда",1,NULL,NULL
962,"заболевание",1,NULL,NULL
963,"живот",1,NULL,NULL
964,"ставить",1,NULL,NULL
965,"ради",1,NULL,NULL
966,"тишина",1,NULL,NULL
967,"понятно",1,NULL,NULL
968,"фронт",1,NULL,NULL
969,"щека",1,NULL,NULL
970,"страшно",1,NULL,NULL
971,"район",1,NULL,NULL
972,"наверно",1,NULL,NULL
973,"проводить",1,NULL,NULL
974,"выражение",1,NULL,NULL
975,"слегка",1,NULL,NULL
976,"мешок",1,NULL,NULL
977,"обещать",1,NULL,NULL
978,"дорогой",1,NULL,NULL
979,"судить",1,NULL,NULL
980,"большинство",1,NULL,NULL
981,"собраться",1,NULL,NULL
982,"управление",1,NULL,NULL
983,"колоть",1,NULL,NULL
984,"мокрый",1,NULL,NULL
985,"приказ",1,NULL,NULL
986,"прямой",1,NULL,NULL
987,"закричать",1,NULL,NULL
988,"кончиться",1,NULL,NULL
989,"куст",1,NULL,NULL
990,"стрелять",1,NULL,NULL
991,"художник",1,NULL,NULL
992,"знак",1,NULL,NULL
993,"завод",1,NULL,NULL
994,"кулак",1,NULL,NULL
995,"использовать",1,NULL,NULL
996,"стакан",1,NULL,NULL
997,"пахнуть",1,NULL,NULL
998,"отсюда",1,NULL,NULL
999,"рот",1,NULL,NULL
1000,"пора",1,NULL,NULL
